fold,train_size,test_size,train_start_date,train_end_date,test_start_date,test_end_date,rmse,mae,r2,dir_acc
1,1500,60,2000-01-03,2005-10-19,2005-10-20,2006-01-11,42.81520112223873,21.38733702742128,0.15870568463404022,0.45
2,1560,60,2000-01-03,2006-01-11,2006-01-12,2006-04-05,35.603870875480226,18.74639175499773,-0.2599739298461299,0.4666666666666667
3,1620,60,2000-01-03,2006-04-05,2006-04-06,2006-06-28,34.47252222717332,23.046358306484205,-0.03403910166650581,0.6166666666666667
4,1680,60,2000-01-03,2006-06-28,2006-06-29,2006-09-20,25.66317614520637,16.498746356541883,-0.13676021766931035,0.6666666666666666
5,1740,60,2000-01-03,2006-09-20,2006-09-21,2006-12-13,87.61950639163499,84.91706746659663,-18.080666951193482,0.48333333333333334
6,1800,60,2000-01-03,2006-12-13,2006-12-14,2007-03-07,20.585425577873462,18.715097077371645,-0.0628286948960104,0.45
7,1860,60,2000-01-03,2007-03-07,2007-03-08,2007-05-30,25.987837080775982,19.991147167519447,-0.019875677655759594,0.5833333333333334
8,1920,60,2000-01-03,2007-05-30,2007-05-31,2007-08-22,154.92799159533686,145.40555067065637,-7.544003094991439,0.16666666666666666
9,1980,60,2000-01-03,2007-08-22,2007-08-23,2007-11-14,217.93160529263116,210.70956574645706,-7.242007076485981,0.5833333333333334
10,2040,60,2000-01-03,2007-11-14,2007-11-15,2008-02-06,178.83974226191617,170.1253534144677,-1.8767019036257158,0.31666666666666665
11,2100,60,2000-01-03,2008-02-06,2008-02-07,2008-04-30,165.55182685797763,128.97488639064605,-0.05169901019862411,0.6
12,2160,60,2000-01-03,2008-04-30,2008-05-01,2008-07-23,83.51728034787563,57.72133984077512,-0.4300494369443122,0.4
13,2220,60,2000-01-03,2008-07-23,2008-07-24,2008-10-15,148.3719218157131,121.0067041323767,-0.9963752770351553,0.4
14,2280,60,2000-01-03,2008-10-15,2008-10-16,2009-01-07,89.89971335406709,77.42177475013128,-3.6637630940878854,0.5
15,2340,60,2000-01-03,2009-01-07,2009-01-08,2009-04-01,41.58761573274246,35.81732947169002,-1.6321994422190937,0.43333333333333335
16,2400,60,2000-01-03,2009-04-01,2009-04-02,2009-06-24,56.01483928160128,43.04128474869374,-0.6585186745056741,0.55
17,2460,60,2000-01-03,2009-06-24,2009-06-25,2009-09-16,82.69435053808904,75.6809669177294,-5.5899440103656115,0.4
18,2520,60,2000-01-03,2009-09-16,2009-09-17,2009-12-09,32.9045682636375,27.414763866982483,0.056537563584890926,0.5333333333333333
19,2580,60,2000-01-03,2009-12-09,2009-12-10,2010-03-03,57.83130632877905,51.96126263340302,-3.34296698883667,0.48333333333333334
20,2640,60,2000-01-03,2010-03-03,2010-03-04,2010-05-26,46.48232054543355,42.598358366962536,-6.581955814757807,0.4
21,2700,60,2000-01-03,2010-05-26,2010-05-27,2010-08-18,67.03391354851811,53.023731619360326,0.562045241565983,0.5
22,2760,60,2000-01-03,2010-08-18,2010-08-19,2010-11-10,61.324534984735614,50.02640207093379,-2.146238441883077,0.5
23,2820,60,2000-01-03,2010-11-10,2010-11-11,2011-02-02,68.2129914675197,41.59659329851802,0.32848012030855167,0.5666666666666667
24,2880,60,2000-01-03,2011-02-02,2011-02-03,2011-04-27,83.22221837267008,58.65275872131011,-0.9281985268012296,0.6
25,2940,60,2000-01-03,2011-04-27,2011-04-28,2011-07-20,81.92611056421477,63.556494816787854,-0.3890491652490158,0.5166666666666667
26,3000,60,2000-01-03,2011-07-20,2011-07-21,2011-10-12,52.514609820659835,42.650411631436626,-0.0846572010428781,0.5
27,3060,60,2000-01-03,2011-10-12,2011-10-13,2012-01-04,65.46035352338572,56.00171800928946,-3.1667868927579628,0.38333333333333336
28,3120,60,2000-01-03,2012-01-04,2012-01-05,2012-03-28,58.21457197101672,48.55895184378537,-2.2202650028249717,0.5
29,3180,60,2000-01-03,2012-03-28,2012-03-29,2012-06-20,43.70651120737785,34.0216032665206,-0.21444256663902772,0.6333333333333333
30,3240,60,2000-01-03,2012-06-20,2012-06-21,2012-09-12,144.12133361110918,141.32118278752696,-3.015728075905189,0.43333333333333335
31,3300,60,2000-01-03,2012-09-12,2012-09-13,2012-12-05,82.97508074694463,62.27954816038196,-0.14889342842846753,0.6666666666666666
32,3360,60,2000-01-03,2012-12-05,2012-12-06,2013-02-27,82.59037714620739,53.80701645389308,-0.540525899139239,0.25
33,3420,60,2000-01-03,2013-02-27,2013-02-28,2013-05-22,40.29635404396919,23.101676561103197,-0.2451115033375042,0.6
34,3480,60,2000-01-03,2013-05-22,2013-05-23,2013-08-14,30.19963025156647,20.456380991175486,-0.08575641222949804,0.5166666666666667
35,3540,60,2000-01-03,2013-08-14,2013-08-15,2013-11-06,26.375044931768695,19.18143745899745,0.19392150862248547,0.6333333333333333
36,3600,60,2000-01-03,2013-11-06,2013-11-07,2014-01-29,54.283010698050276,45.360183947429036,-1.0499680248851666,0.25
37,3660,60,2000-01-03,2014-01-29,2014-01-30,2014-04-23,37.627646963139284,29.263622697027245,0.3554854373576565,0.48333333333333334
38,3720,60,2000-01-03,2014-04-23,2014-04-24,2014-07-16,61.14132464669182,55.43487741713596,0.02100842195341146,0.18333333333333332
39,3780,60,2000-01-03,2014-07-16,2014-07-17,2014-10-08,30.956736467193473,23.97577021669584,-0.3461361114278687,0.6666666666666666
40,3840,60,2000-01-03,2014-10-08,2014-10-09,2014-12-31,42.473413279157626,34.56093563608033,-0.09027148569351673,0.4166666666666667
41,3900,60,2000-01-03,2014-12-31,2015-01-01,2015-03-25,40.1161915144856,37.07844464889845,-5.970961639387077,0.4
42,3960,60,2000-01-03,2015-03-25,2015-03-26,2015-06-17,25.674401310343683,21.465230967839027,-0.5231639646366097,0.6166666666666667
43,4020,60,2000-01-03,2015-06-17,2015-06-18,2015-09-09,39.3330373699384,32.5697343554365,0.003043845171137094,0.4166666666666667
44,4080,60,2000-01-03,2015-09-09,2015-09-10,2015-12-02,20.367994283947215,17.720964151023335,-0.26006463092658105,0.5666666666666667
45,4140,60,2000-01-03,2015-12-02,2015-12-03,2016-02-24,24.539949750871816,21.455709582367426,-0.8927056842785066,0.4166666666666667
46,4200,60,2000-01-03,2016-02-24,2016-02-25,2016-05-18,24.95404479943234,20.391130411381013,-2.8420818701035953,0.5333333333333333
47,4260,60,2000-01-03,2016-05-18,2016-05-19,2016-08-10,47.86002044077177,44.04746212391017,-0.8963412892014537,0.4666666666666667
48,4320,60,2000-01-03,2016-08-10,2016-08-11,2016-11-02,44.72943005923267,41.016516890119604,-1.1517226355800063,0.48333333333333334
49,4380,60,2000-01-03,2016-11-02,2016-11-03,2017-01-25,37.842687615974945,34.704122714288374,-0.4328152639502374,0.5833333333333334
50,4440,60,2000-01-03,2017-01-25,2017-01-26,2017-04-19,26.701917113187314,21.962548721941676,-0.7876082916265978,0.5166666666666667
51,4500,60,2000-01-03,2017-04-19,2017-04-20,2017-07-12,32.57127287726474,22.456938959340924,0.2231857996457488,0.7
52,4560,60,2000-01-03,2017-07-12,2017-07-13,2017-10-04,37.316639360800494,31.886179003415357,-1.2755455134218199,0.38333333333333336
53,4620,60,2000-01-03,2017-10-04,2017-10-05,2017-12-27,30.197067455078162,25.259617208624686,-0.467252861983255,0.38333333333333336
54,4680,60,2000-01-03,2017-12-27,2017-12-28,2018-03-21,25.16115007617847,18.67325039511706,0.08550151076482804,0.65
55,4740,60,2000-01-03,2018-03-21,2018-03-22,2018-06-13,29.275276855676918,23.21332354850296,-0.4458655666132123,0.6333333333333333
56,4800,60,2000-01-03,2018-06-13,2018-06-14,2018-09-05,31.862204546804403,24.497377267508217,-0.21581606102721085,0.6666666666666666
57,4860,60,2000-01-03,2018-09-05,2018-09-06,2018-11-28,11.915710440816953,9.080846870812517,-0.9599176053085827,0.6
58,4920,60,2000-01-03,2018-11-28,2018-11-29,2019-02-20,18.548415229533724,14.11090119737331,0.012073002033509916,0.48333333333333334
59,4980,60,2000-01-03,2019-02-20,2019-02-21,2019-05-15,36.2026775300518,32.378263324289826,-2.3926784557776095,0.43333333333333335
60,5040,60,2000-01-03,2019-05-15,2019-05-16,2019-08-07,27.14297047288342,22.564955742811847,-0.8533421933064584,0.5333333333333333
61,5100,60,2000-01-03,2019-08-07,2019-08-08,2019-10-30,22.481218548507577,19.61376809834085,-0.16691195525981684,0.45
62,5160,60,2000-01-03,2019-10-30,2019-10-31,2020-01-22,41.954160559887804,37.976562632378176,-2.839873444056779,0.2833333333333333
63,5220,60,2000-01-03,2020-01-22,2020-01-23,2020-04-15,25.840368321176317,18.958073928290407,-0.9329886961875027,0.8
64,5280,60,2000-01-03,2020-04-15,2020-04-16,2020-07-08,20.892363170654015,16.47623621464326,-0.5673449189370363,0.5833333333333334
65,5340,60,2000-01-03,2020-07-08,2020-07-09,2020-09-30,29.175653024375734,24.622789912904093,-0.19988309112341862,0.5166666666666667
66,5400,60,2000-01-03,2020-09-30,2020-10-01,2020-12-23,34.47974587960312,28.754594582903753,-0.8183362689176608,0.55
67,5460,60,2000-01-03,2020-12-23,2020-12-24,2021-03-17,29.401025603838768,18.017253791191887,-0.15994833989561852,0.65
68,5520,60,2000-01-03,2021-03-17,2021-03-18,2021-06-09,57.13259273729655,43.23935310953281,-0.18568275147503366,0.4
69,5580,60,2000-01-03,2021-06-09,2021-06-10,2021-09-01,45.339737564262464,34.34790740405016,0.12132842909263353,0.55
70,5640,60,2000-01-03,2021-09-01,2021-09-02,2021-11-24,65.7093308158294,53.55299211570763,-0.5180154728577742,0.3333333333333333
71,5700,60,2000-01-03,2021-11-24,2021-11-25,2022-02-16,66.67149973887047,40.02030945225909,-0.04155477409584507,0.5333333333333333
72,5760,60,2000-01-03,2022-02-16,2022-02-17,2022-05-11,301.4219571280196,286.99560324265354,-5.807286597362039,0.38333333333333336
73,5820,60,2000-01-03,2022-05-11,2022-05-12,2022-08-03,126.02791520298469,85.53132761405055,0.3559579845545958,0.55
74,5880,60,2000-01-03,2022-08-03,2022-08-04,2022-10-26,60.19250685911903,42.55559120284522,0.06787964619437536,0.45
75,5940,60,2000-01-03,2022-10-26,2022-10-27,2023-01-18,92.61447478185643,65.41230516008522,-0.8292978859278057,0.35
76,6000,60,2000-01-03,2023-01-18,2023-01-19,2023-04-12,53.96037616659333,39.70231495078879,-0.14993682600134672,0.43333333333333335
77,6060,60,2000-01-03,2023-04-12,2023-04-13,2023-07-05,60.20070035961773,51.78764955048049,-1.0784675787272042,0.5166666666666667
78,6120,60,2000-01-03,2023-07-05,2023-07-06,2023-09-27,71.72374723335511,66.96128482283468,-0.7216856851088365,0.4
79,6180,60,2000-01-03,2023-09-27,2023-09-28,2023-12-20,30.401689030618673,23.60793606671174,-0.18842001283775756,0.5333333333333333
80,6240,60,2000-01-03,2023-12-20,2023-12-21,2024-03-13,38.065723831797726,29.105229671275442,-0.6445209035196329,0.4
81,6300,60,2000-01-03,2024-03-13,2024-03-14,2024-06-05,38.681438021239906,30.40943493388662,0.47192953905246593,0.5666666666666667
82,6360,60,2000-01-03,2024-06-05,2024-06-06,2024-08-28,58.050806385274825,53.63229658717662,-8.796085564468749,0.3
83,6420,60,2000-01-03,2024-08-28,2024-08-29,2024-11-20,26.934487000573196,23.804409607200114,-0.7613088925302094,0.3333333333333333
84,6480,60,2000-01-03,2024-11-20,2024-11-21,2025-02-13,23.52889775374335,20.169171016564672,-0.296006413221781,0.6166666666666667
85,6540,60,2000-01-03,2025-02-13,2025-02-14,2025-05-09,36.53411504613795,31.143794070781713,-3.8309380896716636,0.4666666666666667
86,6600,60,2000-01-03,2025-05-09,2025-05-12,2025-08-01,21.38158997065398,17.33360648146034,-1.4145109481962952,0.5
87,6660,60,2000-01-03,2025-08-01,2025-08-04,2025-10-24,24.77989984530394,22.074137844577997,-3.3158913114974116,0.4166666666666667
