date,corn_crop_good_exc,corn_crop_change,corn_crop_deviation,corn_crop_trend_4w,corn_crop_critical,soybeans_crop_good_exc,soybeans_crop_change,soybeans_crop_deviation,soybeans_crop_trend_4w,soybeans_crop_critical,wheat_crop_good_exc,wheat_crop_change,wheat_crop_deviation,wheat_crop_trend_4w,wheat_crop_critical
2024-10-27,,,,,,,,,,,129.0,,,,0.0
2024-10-28,,,,,,,,,,,129.0,,,,0.0
2024-10-29,,,,,,,,,,,129.0,,,,0.0
2024-10-30,,,,,,,,,,,129.0,,,,0.0
2024-10-31,,,,,,,,,,,129.0,,,,0.0
2024-11-01,,,,,,,,,,,129.0,,,,0.0
2024-11-02,,,,,,,,,,,129.0,,,,0.0
2024-11-03,,,,,,,,,,,136.0,7.0,,,0.0
2024-11-04,,,,,,,,,,,136.0,7.0,,,0.0
2024-11-05,,,,,,,,,,,136.0,7.0,,,0.0
2024-11-06,,,,,,,,,,,136.0,7.0,,,0.0
2024-11-07,,,,,,,,,,,136.0,7.0,,,0.0
2024-11-08,,,,,,,,,,,136.0,7.0,,,0.0
2024-11-09,,,,,,,,,,,136.0,7.0,,132.5,0.0
2024-11-10,,,,,,,,,,,136.0,0.0,,132.73333333333332,0.0
2024-11-11,,,,,,,,,,,136.0,0.0,,132.9375,0.0
2024-11-12,,,,,,,,,,,136.0,0.0,,133.11764705882354,0.0
2024-11-13,,,,,,,,,,,136.0,0.0,,133.27777777777777,0.0
2024-11-14,,,,,,,,,,,136.0,0.0,,133.42105263157896,0.0
2024-11-15,,,,,,,,,,,136.0,0.0,,133.55,0.0
2024-11-16,,,,,,,,,,,136.0,0.0,,133.66666666666666,0.0
2024-11-17,,,,,,,,,,,141.0,5.0,,134.0,0.0
2024-11-18,,,,,,,,,,,141.0,5.0,,134.30434782608697,0.0
2024-11-19,,,,,,,,,,,141.0,5.0,,134.58333333333334,0.0
2024-11-20,,,,,,,,,,,141.0,5.0,,134.84,0.0
2024-11-21,,,,,,,,,,,141.0,5.0,,135.07692307692307,0.0
2024-11-22,,,,,,,,,,,141.0,5.0,,135.2962962962963,0.0
2024-11-23,,,,,,,,,,,141.0,5.0,,135.5,0.0
2024-11-24,,,,,,,,,,,151.0,10.0,,136.28571428571428,0.0
2024-11-25,,,,,,,,,,,151.0,10.0,,137.07142857142858,0.0
2024-11-26,,,,,,,,,,,151.0,10.0,,137.85714285714286,0.0
2024-11-27,,,,,,,,,,,151.0,10.0,,138.64285714285714,0.0
2024-11-28,,,,,,,,,,,151.0,10.0,,139.42857142857142,0.0
2024-11-29,,,,,,,,,,,151.0,10.0,,140.21428571428572,0.0
2024-11-30,,,,,,,,,,,151.0,10.0,,141.0,0.0
2024-12-01,,,,,,,,,,,151.0,0.0,,141.53571428571428,0.0
2024-12-02,,,,,,,,,,,151.0,0.0,,142.07142857142858,0.0
2024-12-03,,,,,,,,,,,151.0,0.0,,142.60714285714286,0.0
2024-12-04,,,,,,,,,,,151.0,0.0,,143.14285714285714,0.0
2024-12-05,,,,,,,,,,,151.0,0.0,,143.67857142857142,0.0
2024-12-06,,,,,,,,,,,151.0,0.0,,144.21428571428572,0.0
2024-12-07,,,,,,,,,,,151.0,0.0,,144.75,0.0
2024-12-08,,,,,,,,,,,151.0,0.0,,145.28571428571428,0.0
2024-12-09,,,,,,,,,,,151.0,0.0,,145.82142857142858,0.0
2024-12-10,,,,,,,,,,,151.0,0.0,,146.35714285714286,0.0
2024-12-11,,,,,,,,,,,151.0,0.0,,146.89285714285714,0.0
2024-12-12,,,,,,,,,,,151.0,0.0,,147.42857142857142,0.0
2024-12-13,,,,,,,,,,,151.0,0.0,,147.96428571428572,0.0
2024-12-14,,,,,,,,,,,151.0,0.0,,148.5,0.0
2024-12-15,,,,,,,,,,,151.0,0.0,,148.85714285714286,0.0
2024-12-16,,,,,,,,,,,151.0,0.0,,149.21428571428572,0.0
2024-12-17,,,,,,,,,,,151.0,0.0,,149.57142857142858,0.0
2024-12-18,,,,,,,,,,,151.0,0.0,,149.92857142857142,0.0
2024-12-19,,,,,,,,,,,151.0,0.0,,150.28571428571428,0.0
2024-12-20,,,,,,,,,,,151.0,0.0,,150.64285714285714,0.0
2024-12-21,,,,,,,,,,,151.0,0.0,,151.0,0.0
2024-12-22,,,,,,,,,,,151.0,0.0,,151.0,0.0
2024-12-23,,,,,,,,,,,151.0,0.0,,151.0,0.0
2024-12-24,,,,,,,,,,,151.0,0.0,,151.0,0.0
2024-12-25,,,,,,,,,,,151.0,0.0,,151.0,0.0
2024-12-26,,,,,,,,,,,151.0,0.0,,151.0,0.0
2024-12-27,,,,,,,,,,,151.0,0.0,,151.0,0.0
2024-12-28,,,,,,,,,,,151.0,0.0,,151.0,0.0
2024-12-29,,,,,,,,,,,151.0,0.0,,151.0,0.0
2024-12-30,,,,,,,,,,,151.0,0.0,,151.0,0.0
2024-12-31,,,,,,,,,,,151.0,0.0,,151.0,0.0
2025-01-01,,,,,,,,,,,151.0,0.0,,151.0,0.0
2025-01-02,,,,,,,,,,,151.0,0.0,,151.0,0.0
2025-01-03,,,,,,,,,,,151.0,0.0,,151.0,0.0
2025-01-04,,,,,,,,,,,151.0,0.0,,151.0,0.0
2025-01-05,,,,,,,,,,,151.0,0.0,,151.0,0.0
2025-01-06,,,,,,,,,,,151.0,0.0,,151.0,0.0
2025-01-07,,,,,,,,,,,151.0,0.0,,151.0,0.0
2025-01-08,,,,,,,,,,,151.0,0.0,,151.0,0.0
2025-01-09,,,,,,,,,,,151.0,0.0,,151.0,0.0
2025-01-10,,,,,,,,,,,151.0,0.0,,151.0,0.0
2025-01-11,,,,,,,,,,,151.0,0.0,,151.0,0.0
2025-01-12,,,,,,,,,,,151.0,0.0,,151.0,0.0
2025-01-13,,,,,,,,,,,151.0,0.0,,151.0,0.0
2025-01-14,,,,,,,,,,,151.0,0.0,,151.0,0.0
2025-01-15,,,,,,,,,,,151.0,0.0,,151.0,0.0
2025-01-16,,,,,,,,,,,151.0,0.0,,151.0,0.0
2025-01-17,,,,,,,,,,,151.0,0.0,,151.0,0.0
2025-01-18,,,,,,,,,,,151.0,0.0,,151.0,0.0
2025-01-19,,,,,,,,,,,151.0,0.0,,151.0,0.0
2025-01-20,,,,,,,,,,,151.0,0.0,,151.0,0.0
2025-01-21,,,,,,,,,,,151.0,0.0,,151.0,0.0
2025-01-22,,,,,,,,,,,151.0,0.0,,151.0,0.0
2025-01-23,,,,,,,,,,,151.0,0.0,,151.0,0.0
2025-01-24,,,,,,,,,,,151.0,0.0,,151.0,0.0
2025-01-25,,,,,,,,,,,151.0,0.0,,151.0,0.0
2025-01-26,,,,,,,,,,,151.0,0.0,,151.0,0.0
2025-01-27,,,,,,,,,,,151.0,0.0,,151.0,0.0
2025-01-28,,,,,,,,,,,151.0,0.0,,151.0,0.0
2025-01-29,,,,,,,,,,,151.0,0.0,,151.0,0.0
2025-01-30,,,,,,,,,,,151.0,0.0,,151.0,0.0
2025-01-31,,,,,,,,,,,151.0,0.0,,151.0,0.0
2025-02-01,,,,,,,,,,,151.0,0.0,,151.0,0.0
2025-02-02,,,,,,,,,,,151.0,0.0,,151.0,0.0
2025-02-03,,,,,,,,,,,151.0,0.0,,151.0,0.0
2025-02-04,,,,,,,,,,,151.0,0.0,,151.0,0.0
2025-02-05,,,,,,,,,,,151.0,0.0,,151.0,0.0
2025-02-06,,,,,,,,,,,151.0,0.0,,151.0,0.0
2025-02-07,,,,,,,,,,,151.0,0.0,,151.0,0.0
2025-02-08,,,,,,,,,,,151.0,0.0,,151.0,0.0
2025-02-09,,,,,,,,,,,151.0,0.0,,151.0,0.0
2025-02-10,,,,,,,,,,,151.0,0.0,,151.0,0.0
2025-02-11,,,,,,,,,,,151.0,0.0,,151.0,0.0
2025-02-12,,,,,,,,,,,151.0,0.0,,151.0,0.0
2025-02-13,,,,,,,,,,,151.0,0.0,,151.0,0.0
2025-02-14,,,,,,,,,,,151.0,0.0,,151.0,0.0
2025-02-15,,,,,,,,,,,151.0,0.0,,151.0,0.0
2025-02-16,,,,,,,,,,,151.0,0.0,,151.0,0.0
2025-02-17,,,,,,,,,,,151.0,0.0,,151.0,0.0
2025-02-18,,,,,,,,,,,151.0,0.0,,151.0,0.0
2025-02-19,,,,,,,,,,,151.0,0.0,,151.0,0.0
2025-02-20,,,,,,,,,,,151.0,0.0,,151.0,0.0
2025-02-21,,,,,,,,,,,151.0,0.0,,151.0,0.0
2025-02-22,,,,,,,,,,,151.0,0.0,,151.0,0.0
2025-02-23,,,,,,,,,,,151.0,0.0,,151.0,0.0
2025-02-24,,,,,,,,,,,151.0,0.0,,151.0,0.0
2025-02-25,,,,,,,,,,,151.0,0.0,,151.0,0.0
2025-02-26,,,,,,,,,,,151.0,0.0,,151.0,0.0
2025-02-27,,,,,,,,,,,151.0,0.0,,151.0,0.0
2025-02-28,,,,,,,,,,,151.0,0.0,,151.0,0.0
2025-03-01,,,,,,,,,,,151.0,0.0,,151.0,0.0
2025-03-02,,,,,,,,,,,151.0,0.0,,151.0,0.0
2025-03-03,,,,,,,,,,,151.0,0.0,,151.0,0.0
2025-03-04,,,,,,,,,,,151.0,0.0,,151.0,0.0
2025-03-05,,,,,,,,,,,151.0,0.0,,151.0,0.0
2025-03-06,,,,,,,,,,,151.0,0.0,,151.0,0.0
2025-03-07,,,,,,,,,,,151.0,0.0,,151.0,0.0
2025-03-08,,,,,,,,,,,151.0,0.0,,151.0,0.0
2025-03-09,,,,,,,,,,,151.0,0.0,,151.0,0.0
2025-03-10,,,,,,,,,,,151.0,0.0,,151.0,0.0
2025-03-11,,,,,,,,,,,151.0,0.0,,151.0,0.0
2025-03-12,,,,,,,,,,,151.0,0.0,,151.0,0.0
2025-03-13,,,,,,,,,,,151.0,0.0,,151.0,0.0
2025-03-14,,,,,,,,,,,151.0,0.0,,151.0,0.0
2025-03-15,,,,,,,,,,,151.0,0.0,,151.0,0.0
2025-03-16,,,,,,,,,,,151.0,0.0,,151.0,0.0
2025-03-17,,,,,,,,,,,151.0,0.0,,151.0,0.0
2025-03-18,,,,,,,,,,,151.0,0.0,,151.0,0.0
2025-03-19,,,,,,,,,,,151.0,0.0,,151.0,0.0
2025-03-20,,,,,,,,,,,151.0,0.0,,151.0,0.0
2025-03-21,,,,,,,,,,,151.0,0.0,,151.0,0.0
2025-03-22,,,,,,,,,,,151.0,0.0,,151.0,0.0
2025-03-23,,,,,,,,,,,151.0,0.0,,151.0,0.0
2025-03-24,,,,,,,,,,,151.0,0.0,,151.0,0.0
2025-03-25,,,,,,,,,,,151.0,0.0,,151.0,0.0
2025-03-26,,,,,,,,,,,151.0,0.0,,151.0,0.0
2025-03-27,,,,,,,,,,,151.0,0.0,,151.0,0.0
2025-03-28,,,,,,,,,,,151.0,0.0,,151.0,0.0
2025-03-29,,,,,,,,,,,151.0,0.0,,151.0,0.0
2025-03-30,,,,,,,,,,,151.0,0.0,,151.0,0.0
2025-03-31,,,,,,,,,,,151.0,0.0,,151.0,0.0
2025-04-01,,,,,,,,,,,151.0,0.0,,151.0,0.0
2025-04-02,,,,,,,,,,,151.0,0.0,,151.0,0.0
2025-04-03,,,,,,,,,,,151.0,0.0,,151.0,0.0
2025-04-04,,,,,,,,,,,151.0,0.0,,151.0,0.0
2025-04-05,,,,,,,,,,,151.0,0.0,,151.0,0.0
2025-04-06,,,,,,,,,,,150.0,-1.0,,150.96428571428572,0.0
2025-04-07,,,,,,,,,,,150.0,-1.0,,150.92857142857142,0.0
2025-04-08,,,,,,,,,,,150.0,-1.0,,150.89285714285714,0.0
2025-04-09,,,,,,,,,,,150.0,-1.0,,150.85714285714286,0.0
2025-04-10,,,,,,,,,,,150.0,-1.0,,150.82142857142858,0.0
2025-04-11,,,,,,,,,,,150.0,-1.0,,150.78571428571428,0.0
2025-04-12,,,,,,,,,,,150.0,-1.0,,150.75,0.0
2025-04-13,,,,,,,,,,,147.0,-3.0,,150.60714285714286,0.0
2025-04-14,,,,,,,,,,,147.0,-3.0,,150.46428571428572,0.0
2025-04-15,,,,,,,,,,,147.0,-3.0,,150.32142857142858,0.0
2025-04-16,,,,,,,,,,,147.0,-3.0,,150.17857142857142,0.0
2025-04-17,,,,,,,,,,,147.0,-3.0,,150.03571428571428,0.0
2025-04-18,,,,,,,,,,,147.0,-3.0,,149.89285714285714,0.0
2025-04-19,,,,,,,,,,,147.0,-3.0,,149.75,0.0
2025-04-20,,,,,,,,,,,136.0,-11.0,,149.21428571428572,0.0
2025-04-21,,,,,,,,,,,136.0,-11.0,,148.67857142857142,0.0
2025-04-22,,,,,,,,,,,136.0,-11.0,,148.14285714285714,0.0
2025-04-23,,,,,,,,,,,136.0,-11.0,,147.60714285714286,0.0
2025-04-24,,,,,,,,,,,136.0,-11.0,,147.07142857142858,0.0
2025-04-25,,,,,,,,,,,136.0,-11.0,,146.53571428571428,0.0
2025-04-26,,,,,,,,,,,136.0,-11.0,,146.0,0.0
2025-04-27,,,,,,,,,,,139.0,3.0,,145.57142857142858,0.0
2025-04-28,,,,,,,,,,,139.0,3.0,,145.14285714285714,0.0
2025-04-29,,,,,,,,,,,139.0,3.0,,144.71428571428572,0.0
2025-04-30,,,,,,,,,,,139.0,3.0,,144.28571428571428,0.0
2025-05-01,,,,,,,,,,,139.0,3.0,,143.85714285714286,0.0
2025-05-02,,,,,,,,,,,139.0,3.0,,143.42857142857142,0.0
2025-05-03,,,,,,,,,,,139.0,3.0,,143.0,0.0
2025-05-04,,,,,,,,,,,143.0,4.0,,142.75,0.0
2025-05-05,,,,,,,,,,,143.0,4.0,,142.5,0.0
2025-05-06,,,,,,,,,,,143.0,4.0,,142.25,0.0
2025-05-07,,,,,,,,,,,143.0,4.0,,142.0,0.0
2025-05-08,,,,,,,,,,,143.0,4.0,,141.75,0.0
2025-05-09,,,,,,,,,,,143.0,4.0,,141.5,0.0
2025-05-10,,,,,,,,,,,143.0,4.0,,141.25,0.0
2025-05-11,,,,,,,,,,,145.0,2.0,,141.17857142857142,0.0
2025-05-12,,,,,,,,,,,145.0,2.0,,141.10714285714286,0.0
2025-05-13,,,,,,,,,,,145.0,2.0,,141.03571428571428,0.0
2025-05-14,,,,,,,,,,,145.0,2.0,,140.96428571428572,0.0
2025-05-15,,,,,,,,,,,145.0,2.0,,140.89285714285714,0.0
2025-05-16,,,,,,,,,,,145.0,2.0,,140.82142857142858,0.0
2025-05-17,,,,,,,,,,,145.0,2.0,,140.75,0.0
2025-05-18,,,,,,,,,,,142.0,-3.0,,140.96428571428572,0.0
2025-05-19,,,,,,,,,,,142.0,-3.0,,141.17857142857142,0.0
2025-05-20,,,,,,,,,,,142.0,-3.0,,141.39285714285714,0.0
2025-05-21,,,,,,,,,,,142.0,-3.0,,141.60714285714286,0.0
2025-05-22,,,,,,,,,,,142.0,-3.0,,141.82142857142858,0.0
2025-05-23,,,,,,,,,,,142.0,-3.0,,142.03571428571428,0.0
2025-05-24,,,,,,,,,,,142.0,-3.0,,142.25,0.0
2025-05-25,68.0,,,,0.0,,,,,,185.0,43.0,,143.89285714285714,0.0
2025-05-26,68.0,,,,0.0,,,,,,185.0,43.0,,145.53571428571428,0.0
2025-05-27,68.0,,,,0.0,,,,,,185.0,43.0,,147.17857142857142,0.0
2025-05-28,68.0,,,,0.0,,,,,,185.0,43.0,,148.82142857142858,0.0
2025-05-29,68.0,,,,0.0,,,,,,185.0,43.0,,150.46428571428572,0.0
2025-05-30,68.0,,,,0.0,,,,,,185.0,43.0,,152.10714285714286,0.0
2025-05-31,68.0,,,,0.0,,,,,,185.0,43.0,,153.75,0.0
2025-06-01,215.0,147.0,,,0.0,67.0,,,,0.0,268.0,83.0,,158.21428571428572,0.0
2025-06-02,215.0,147.0,,,0.0,67.0,,,,0.0,268.0,83.0,,162.67857142857142,0.0
2025-06-03,215.0,147.0,,,0.0,67.0,,,,0.0,268.0,83.0,,167.14285714285714,0.0
2025-06-04,215.0,147.0,,,0.0,67.0,,,,0.0,268.0,83.0,,171.60714285714286,0.0
2025-06-05,215.0,147.0,,,0.0,67.0,,,,0.0,268.0,83.0,,176.07142857142858,0.0
2025-06-06,215.0,147.0,,,0.0,67.0,,,,0.0,268.0,83.0,,180.53571428571428,0.0
2025-06-07,215.0,147.0,,141.5,0.0,67.0,,,,0.0,268.0,83.0,,185.0,0.0
2025-06-08,215.0,0.0,,146.4,0.0,207.0,140.0,,,0.0,330.0,62.0,,191.60714285714286,0.0
2025-06-09,215.0,0.0,,150.6875,0.0,207.0,140.0,,,0.0,330.0,62.0,,198.21428571428572,0.0
2025-06-10,215.0,0.0,,154.47058823529412,0.0,207.0,140.0,,,0.0,330.0,62.0,,204.82142857142858,0.0
2025-06-11,215.0,0.0,,157.83333333333334,0.0,207.0,140.0,,,0.0,330.0,62.0,,211.42857142857142,0.0
2025-06-12,215.0,0.0,,160.8421052631579,0.0,207.0,140.0,,,0.0,330.0,62.0,,218.03571428571428,0.0
2025-06-13,215.0,0.0,,163.55,0.0,207.0,140.0,,,0.0,330.0,62.0,,224.64285714285714,0.0
2025-06-14,215.0,0.0,,166.0,0.0,207.0,140.0,,137.0,0.0,330.0,62.0,,231.25,0.0
2025-06-15,212.0,-3.0,,168.0909090909091,0.0,200.0,-7.0,,141.2,0.0,334.0,4.0,,238.10714285714286,0.0
2025-06-16,212.0,-3.0,,170.0,0.0,200.0,-7.0,,144.875,0.0,334.0,4.0,,244.96428571428572,0.0
2025-06-17,212.0,-3.0,,171.75,0.0,200.0,-7.0,,148.11764705882354,0.0,334.0,4.0,,251.82142857142858,0.0
2025-06-18,212.0,-3.0,,173.36,0.0,200.0,-7.0,,151.0,0.0,334.0,4.0,,258.67857142857144,0.0
2025-06-19,212.0,-3.0,,174.84615384615384,0.0,200.0,-7.0,,153.57894736842104,0.0,334.0,4.0,,265.5357142857143,0.0
2025-06-20,212.0,-3.0,,176.22222222222223,0.0,200.0,-7.0,,155.9,0.0,334.0,4.0,,272.39285714285717,0.0
2025-06-21,212.0,-3.0,,177.5,0.0,200.0,-7.0,,158.0,0.0,334.0,4.0,,279.25,0.0
2025-06-22,204.0,-8.0,,182.35714285714286,0.0,196.0,-4.0,,159.72727272727272,0.0,325.0,-9.0,,284.25,0.0
2025-06-23,204.0,-8.0,,187.21428571428572,0.0,196.0,-4.0,,161.30434782608697,0.0,325.0,-9.0,,289.25,0.0
2025-06-24,204.0,-8.0,,192.07142857142858,0.0,196.0,-4.0,,162.75,0.0,325.0,-9.0,,294.25,0.0
2025-06-25,204.0,-8.0,,196.92857142857142,0.0,196.0,-4.0,,164.08,0.0,325.0,-9.0,,299.25,0.0
2025-06-26,204.0,-8.0,,201.78571428571428,0.0,196.0,-4.0,,165.30769230769232,0.0,325.0,-9.0,,304.25,0.0
2025-06-27,204.0,-8.0,,206.64285714285714,0.0,196.0,-4.0,,166.44444444444446,0.0,325.0,-9.0,,309.25,0.0
2025-06-28,204.0,-8.0,,211.5,0.0,196.0,-4.0,,167.5,0.0,325.0,-9.0,,314.25,0.0
2025-06-29,204.0,0.0,,211.10714285714286,0.0,196.0,0.0,,172.10714285714286,0.0,322.0,-3.0,,316.17857142857144,0.0
2025-06-30,204.0,0.0,,210.71428571428572,0.0,196.0,0.0,,176.71428571428572,0.0,322.0,-3.0,,318.10714285714283,0.0
2025-07-01,204.0,0.0,,210.32142857142858,0.0,196.0,0.0,,181.32142857142858,0.0,322.0,-3.0,,320.0357142857143,0.0
2025-07-02,204.0,0.0,,209.92857142857142,0.0,196.0,0.0,,185.92857142857142,0.0,322.0,-3.0,,321.9642857142857,0.0
2025-07-03,204.0,0.0,,209.53571428571428,0.0,196.0,0.0,,190.53571428571428,0.0,322.0,-3.0,,323.89285714285717,0.0
2025-07-04,204.0,0.0,,209.14285714285714,0.0,196.0,0.0,,195.14285714285714,0.0,322.0,-3.0,,325.82142857142856,0.0
2025-07-05,204.0,0.0,,208.75,0.0,196.0,0.0,,199.75,0.0,322.0,-3.0,,327.75,0.0
2025-07-06,206.0,2.0,,208.42857142857142,0.0,196.0,0.0,,199.35714285714286,0.0,323.0,1.0,,327.5,0.0
2025-07-07,206.0,2.0,,208.10714285714286,0.0,196.0,0.0,,198.96428571428572,0.0,323.0,1.0,,327.25,0.0
2025-07-08,206.0,2.0,,207.78571428571428,0.0,196.0,0.0,,198.57142857142858,0.0,323.0,1.0,,327.0,0.0
2025-07-09,206.0,2.0,,207.46428571428572,0.0,196.0,0.0,,198.17857142857142,0.0,323.0,1.0,,326.75,0.0
2025-07-10,206.0,2.0,,207.14285714285714,0.0,196.0,0.0,,197.78571428571428,0.0,323.0,1.0,,326.5,0.0
2025-07-11,206.0,2.0,,206.82142857142858,0.0,196.0,0.0,,197.39285714285714,0.0,323.0,1.0,,326.25,0.0
2025-07-12,206.0,2.0,,206.5,0.0,196.0,0.0,,197.0,0.0,323.0,1.0,,326.0,0.0
2025-07-13,207.0,1.0,,206.32142857142858,0.0,200.0,4.0,,197.0,0.0,186.0,-137.0,,320.7142857142857,0.0
2025-07-14,207.0,1.0,,206.14285714285714,0.0,200.0,4.0,,197.0,0.0,186.0,-137.0,,315.42857142857144,0.0
2025-07-15,207.0,1.0,,205.96428571428572,0.0,200.0,4.0,,197.0,0.0,186.0,-137.0,,310.14285714285717,0.0
2025-07-16,207.0,1.0,,205.78571428571428,0.0,200.0,4.0,,197.0,0.0,186.0,-137.0,,304.85714285714283,0.0
2025-07-17,207.0,1.0,,205.60714285714286,0.0,200.0,4.0,,197.0,0.0,186.0,-137.0,,299.57142857142856,0.0
2025-07-18,207.0,1.0,,205.42857142857142,0.0,200.0,4.0,,197.0,0.0,186.0,-137.0,,294.2857142857143,0.0
2025-07-19,207.0,1.0,,205.25,0.0,200.0,4.0,,197.0,0.0,186.0,-137.0,,289.0,0.0
2025-07-20,205.0,-2.0,,205.28571428571428,0.0,197.0,-3.0,,197.03571428571428,0.0,184.0,-2.0,,283.9642857142857,0.0
2025-07-21,205.0,-2.0,,205.32142857142858,0.0,197.0,-3.0,,197.07142857142858,0.0,184.0,-2.0,,278.92857142857144,0.0
2025-07-22,205.0,-2.0,,205.35714285714286,0.0,197.0,-3.0,,197.10714285714286,0.0,184.0,-2.0,,273.89285714285717,0.0
2025-07-23,205.0,-2.0,,205.39285714285714,0.0,197.0,-3.0,,197.14285714285714,0.0,184.0,-2.0,,268.85714285714283,0.0
2025-07-24,205.0,-2.0,,205.42857142857142,0.0,197.0,-3.0,,197.17857142857142,0.0,184.0,-2.0,,263.82142857142856,0.0
2025-07-25,205.0,-2.0,,205.46428571428572,0.0,197.0,-3.0,,197.21428571428572,0.0,184.0,-2.0,,258.7857142857143,0.0
2025-07-26,205.0,-2.0,,205.5,0.0,197.0,-3.0,,197.25,0.0,184.0,-2.0,,253.75,0.0
2025-07-27,204.0,-1.0,,205.5,0.0,199.0,2.0,,197.35714285714286,0.0,177.0,-7.0,,248.57142857142858,0.0
2025-07-28,204.0,-1.0,,205.5,0.0,199.0,2.0,,197.46428571428572,0.0,177.0,-7.0,,243.39285714285714,0.0
2025-07-29,204.0,-1.0,,205.5,0.0,199.0,2.0,,197.57142857142858,0.0,177.0,-7.0,,238.21428571428572,0.0
2025-07-30,204.0,-1.0,,205.5,0.0,199.0,2.0,,197.67857142857142,0.0,177.0,-7.0,,233.03571428571428,0.0
2025-07-31,204.0,-1.0,,205.5,0.0,199.0,2.0,,197.78571428571428,0.0,177.0,-7.0,,227.85714285714286,0.0
2025-08-01,204.0,-1.0,,205.5,0.0,199.0,2.0,,197.89285714285714,0.0,177.0,-7.0,,222.67857142857142,0.0
2025-08-02,204.0,-1.0,,205.5,0.0,199.0,2.0,,198.0,0.0,177.0,-7.0,,217.5,0.0
2025-08-03,203.0,-1.0,,205.39285714285714,0.0,199.0,0.0,,198.10714285714286,0.0,174.0,-3.0,,212.17857142857142,0.0
2025-08-04,203.0,-1.0,,205.28571428571428,0.0,199.0,0.0,,198.21428571428572,0.0,174.0,-3.0,,206.85714285714286,0.0
2025-08-05,203.0,-1.0,,205.17857142857142,0.0,199.0,0.0,,198.32142857142858,0.0,174.0,-3.0,,201.53571428571428,0.0
2025-08-06,203.0,-1.0,,205.07142857142858,0.0,199.0,0.0,,198.42857142857142,0.0,174.0,-3.0,,196.21428571428572,0.0
2025-08-07,203.0,-1.0,,204.96428571428572,0.0,199.0,0.0,,198.53571428571428,0.0,174.0,-3.0,,190.89285714285714,0.0
2025-08-08,203.0,-1.0,,204.85714285714286,0.0,199.0,0.0,,198.64285714285714,0.0,174.0,-3.0,,185.57142857142858,0.0
2025-08-09,203.0,-1.0,,204.75,0.0,199.0,0.0,,198.75,0.0,174.0,-3.0,,180.25,0.0
2025-08-10,202.0,-1.0,,204.57142857142858,0.0,199.0,0.0,,198.71428571428572,0.0,173.0,-1.0,,179.78571428571428,0.0
2025-08-11,202.0,-1.0,,204.39285714285714,0.0,199.0,0.0,,198.67857142857142,0.0,173.0,-1.0,,179.32142857142858,0.0
2025-08-12,202.0,-1.0,,204.21428571428572,0.0,199.0,0.0,,198.64285714285714,0.0,173.0,-1.0,,178.85714285714286,0.0
2025-08-13,202.0,-1.0,,204.03571428571428,0.0,199.0,0.0,,198.60714285714286,0.0,173.0,-1.0,,178.39285714285714,0.0
2025-08-14,202.0,-1.0,,203.85714285714286,0.0,199.0,0.0,,198.57142857142858,0.0,173.0,-1.0,,177.92857142857142,0.0
2025-08-15,202.0,-1.0,,203.67857142857142,0.0,199.0,0.0,,198.53571428571428,0.0,173.0,-1.0,,177.46428571428572,0.0
2025-08-16,202.0,-1.0,,203.5,0.0,199.0,0.0,,198.5,0.0,173.0,-1.0,,177.0,0.0
2025-08-17,199.0,-3.0,,203.28571428571428,0.0,198.0,-1.0,,198.53571428571428,0.0,174.0,1.0,,176.64285714285714,0.0
2025-08-18,199.0,-3.0,,203.07142857142858,0.0,198.0,-1.0,,198.57142857142858,0.0,174.0,1.0,,176.28571428571428,0.0
2025-08-19,199.0,-3.0,,202.85714285714286,0.0,198.0,-1.0,,198.60714285714286,0.0,174.0,1.0,,175.92857142857142,0.0
2025-08-20,199.0,-3.0,,202.64285714285714,0.0,198.0,-1.0,,198.64285714285714,0.0,174.0,1.0,,175.57142857142858,0.0
2025-08-21,199.0,-3.0,,202.42857142857142,0.0,198.0,-1.0,,198.67857142857142,0.0,174.0,1.0,,175.21428571428572,0.0
2025-08-22,199.0,-3.0,,202.21428571428572,0.0,198.0,-1.0,,198.71428571428572,0.0,174.0,1.0,,174.85714285714286,0.0
2025-08-23,199.0,-3.0,,202.0,0.0,198.0,-1.0,,198.75,0.0,174.0,1.0,,174.5,0.0
2025-08-24,195.0,-4.0,,201.67857142857142,0.0,196.0,-2.0,,198.64285714285714,0.0,118.0,-56.0,,172.39285714285714,0.0
2025-08-25,195.0,-4.0,,201.35714285714286,0.0,196.0,-2.0,,198.53571428571428,0.0,,,,,
2025-08-26,195.0,-4.0,,201.03571428571428,0.0,196.0,-2.0,,198.42857142857142,0.0,,,,,
2025-08-27,195.0,-4.0,,200.71428571428572,0.0,196.0,-2.0,,198.32142857142858,0.0,,,,,
2025-08-28,195.0,-4.0,,200.39285714285714,0.0,196.0,-2.0,,198.21428571428572,0.0,,,,,
2025-08-29,195.0,-4.0,,200.07142857142858,0.0,196.0,-2.0,,198.10714285714286,0.0,,,,,
2025-08-30,195.0,-4.0,,199.75,0.0,196.0,-2.0,,198.0,0.0,,,,,
2025-08-31,193.0,-2.0,,199.39285714285714,0.0,189.0,-7.0,,197.64285714285714,0.0,,,,,
2025-09-01,193.0,-2.0,,199.03571428571428,0.0,189.0,-7.0,,197.28571428571428,0.0,,,,,
2025-09-02,193.0,-2.0,,198.67857142857142,0.0,189.0,-7.0,,196.92857142857142,0.0,,,,,
2025-09-03,193.0,-2.0,,198.32142857142858,0.0,189.0,-7.0,,196.57142857142858,0.0,,,,,
2025-09-04,193.0,-2.0,,197.96428571428572,0.0,189.0,-7.0,,196.21428571428572,0.0,,,,,
2025-09-05,193.0,-2.0,,197.60714285714286,0.0,189.0,-7.0,,195.85714285714286,0.0,,,,,
2025-09-06,193.0,-2.0,,197.25,0.0,189.0,-7.0,,195.5,0.0,,,,,
2025-09-07,189.0,-4.0,,196.78571428571428,0.0,188.0,-1.0,,195.10714285714286,0.0,,,,,
2025-09-08,189.0,-4.0,,196.32142857142858,0.0,188.0,-1.0,,194.71428571428572,0.0,,,,,
2025-09-09,189.0,-4.0,,195.85714285714286,0.0,188.0,-1.0,,194.32142857142858,0.0,,,,,
2025-09-10,189.0,-4.0,,195.39285714285714,0.0,188.0,-1.0,,193.92857142857142,0.0,,,,,
2025-09-11,189.0,-4.0,,194.92857142857142,0.0,188.0,-1.0,,193.53571428571428,0.0,,,,,
2025-09-12,189.0,-4.0,,194.46428571428572,0.0,188.0,-1.0,,193.14285714285714,0.0,,,,,
2025-09-13,189.0,-4.0,,194.0,0.0,188.0,-1.0,,192.75,0.0,,,,,
2025-09-14,190.0,1.0,,193.67857142857142,0.0,186.0,-2.0,,192.32142857142858,0.0,,,,,
2025-09-15,190.0,1.0,,193.35714285714286,0.0,186.0,-2.0,,191.89285714285714,0.0,,,,,
2025-09-16,190.0,1.0,,193.03571428571428,0.0,186.0,-2.0,,191.46428571428572,0.0,,,,,
2025-09-17,190.0,1.0,,192.71428571428572,0.0,186.0,-2.0,,191.03571428571428,0.0,,,,,
2025-09-18,190.0,1.0,,192.39285714285714,0.0,186.0,-2.0,,190.60714285714286,0.0,,,,,
2025-09-19,190.0,1.0,,192.07142857142858,0.0,186.0,-2.0,,190.17857142857142,0.0,,,,,
2025-09-20,190.0,1.0,,191.75,0.0,186.0,-2.0,,189.75,0.0,,,,,
2025-09-21,189.0,-1.0,,191.53571428571428,0.0,184.0,-2.0,,189.32142857142858,0.0,,,,,
2025-09-22,189.0,-1.0,,191.32142857142858,0.0,184.0,-2.0,,188.89285714285714,0.0,,,,,
2025-09-23,189.0,-1.0,,191.10714285714286,0.0,184.0,-2.0,,188.46428571428572,0.0,,,,,
2025-09-24,189.0,-1.0,,190.89285714285714,0.0,184.0,-2.0,,188.03571428571428,0.0,,,,,
2025-09-25,189.0,-1.0,,190.67857142857142,0.0,184.0,-2.0,,187.60714285714286,0.0,,,,,
2025-09-26,189.0,-1.0,,190.46428571428572,0.0,184.0,-2.0,,187.17857142857142,0.0,,,,,
2025-09-27,189.0,-1.0,,190.25,0.0,184.0,-2.0,,186.75,0.0,,,,,
2025-09-28,188.0,-1.0,,190.07142857142858,0.0,185.0,1.0,,186.60714285714286,0.0,,,,,
